{
    "counter": {
        "ACTIVE": 17792,
        "INACTIVE": 3205,
        "INVALID": 3,
        "MALICIOUS": 0,
        "SANE": 0,
        "VALID": 0,
        "total": 21000
    },
    "percentage": {
        "ACTIVE": 84.72380952380952,
        "INACTIVE": 15.269175797999047,
        "INVALID": 0.015277282680653868,
        "MALICIOUS": 0,
        "SANE": 0,
        "VALID": 0,
        "total": 100.00826260448922
    }
}