{
    "counter": {
        "ACTIVE": 17549,
        "INACTIVE": 3450,
        "INVALID": 1,
        "MALICIOUS": 0,
        "SANE": 0,
        "VALID": 0,
        "total": 21000
    },
    "percentage": {
        "ACTIVE": 83.58258715945894,
        "INACTIVE": 16.428571428571427,
        "INVALID": 0.009312721177127958,
        "MALICIOUS": 0,
        "SANE": 0,
        "VALID": 0,
        "total": 100.0204713092075
    }
}