{
    "counter": {
        "ACTIVE": 12927,
        "INACTIVE": 8069,
        "INVALID": 4,
        "MALICIOUS": 0,
        "SANE": 0,
        "VALID": 0,
        "total": 21000
    },
    "percentage": {
        "ACTIVE": 61.55714285714286,
        "INACTIVE": 38.4311297389979,
        "INVALID": 0.048721071863580996,
        "MALICIOUS": 0,
        "SANE": 0,
        "VALID": 0,
        "total": 100.03699366800434
    }
}