{
    "counter": {
        "ACTIVE": 12940,
        "INACTIVE": 8056,
        "INVALID": 4,
        "MALICIOUS": 0,
        "SANE": 0,
        "VALID": 0,
        "total": 21000
    },
    "percentage": {
        "ACTIVE": 61.61904761904762,
        "INACTIVE": 38.369213183463515,
        "INVALID": 0.048721071863580996,
        "MALICIOUS": 0,
        "SANE": 0,
        "VALID": 0,
        "total": 100.03698187437472
    }
}