{
    "counter": {
        "ACTIVE": 12988,
        "INACTIVE": 8008,
        "INVALID": 4,
        "MALICIOUS": 0,
        "SANE": 0,
        "VALID": 0,
        "total": 21000
    },
    "percentage": {
        "ACTIVE": 61.850564312586314,
        "INACTIVE": 38.13333333333333,
        "INVALID": 0.048721071863580996,
        "MALICIOUS": 0,
        "SANE": 0,
        "VALID": 0,
        "total": 100.03261871778324
    }
}