{
    "counter": {
        "ACTIVE": 13012,
        "INACTIVE": 7984,
        "INVALID": 4,
        "MALICIOUS": 0,
        "SANE": 0,
        "VALID": 0,
        "total": 21000
    },
    "percentage": {
        "ACTIVE": 61.96485546930806,
        "INACTIVE": 38.01904761904762,
        "INVALID": 0.048721071863580996,
        "MALICIOUS": 0,
        "SANE": 0,
        "VALID": 0,
        "total": 100.03262416021926
    }
}