{
    "counter": {
        "ACTIVE": 14506,
        "INACTIVE": 6494,
        "INVALID": 0,
        "MALICIOUS": 0,
        "SANE": 0,
        "VALID": 0,
        "total": 21000
    },
    "percentage": {
        "ACTIVE": 69.08935035244808,
        "INACTIVE": 30.923809523809524,
        "INVALID": 0,
        "MALICIOUS": 0,
        "SANE": 0,
        "VALID": 0,
        "total": 100.0131598762576
    }
}