{
    "counter": {
        "ACTIVE": 16124,
        "INACTIVE": 4876,
        "INVALID": 0,
        "MALICIOUS": 0,
        "SANE": 0,
        "VALID": 0,
        "total": 21000
    },
    "percentage": {
        "ACTIVE": 76.78095238095239,
        "INACTIVE": 23.221259167539767,
        "INVALID": 0,
        "MALICIOUS": 0,
        "SANE": 0,
        "VALID": 0,
        "total": 100.00221154849216
    }
}